customer_id,total_spent,avg_order_value,num_visits,recency_days,complaint_flag,membership_level,region,support_tickets,days_since_signup,churned
CUST0001,378.11,40.32,7,249,0,Basic,East,0,816,1
CUST0002,1753.77,134.82,13,313,0,Gold,West,1,1474,0
CUST0003,1237.74,115.59,11,97,0,Silver,South,0,454,0
CUST0004,1970.36,145.14,13,281,0,Silver,West,0,629,1
CUST0005,510.17,50.05,10,130,0,Basic,West,1,1245,1
CUST0006,841.36,69.34,13,57,0,Basic,East,0,1178,0
CUST0007,513.99,70.26,6,60,0,Basic,West,1,665,0
CUST0008,2797.82,173.9,16,85,0,Gold,East,1,12,0
CUST0009,694.12,99.13,7,302,1,Silver,North,2,1157,1
CUST0010,1096.67,77.32,14,188,0,Silver,North,0,304,0
CUST0011,760.05,93.97,9,260,1,Basic,East,0,1317,0
CUST0012,1906.05,129.88,15,358,0,Gold,North,0,975,1
CUST0013,624.8,69.39,9,354,0,Silver,South,0,1324,1
CUST0014,618.91,57.68,11,39,0,Basic,West,2,1764,0
CUST0015,1088.6,123.35,8,367,0,Basic,South,1,783,0
CUST0016,913.44,89.61,10,345,1,Basic,West,1,43,0
CUST0017,481.86,82.69,5,281,0,Basic,North,0,944,1
CUST0018,844.53,93.75,9,158,0,Silver,South,1,343,1
CUST0019,1568.67,87.3,17,324,0,Basic,North,2,1350,0
CUST0020,901.86,87.01,10,132,0,Basic,West,0,498,0
CUST0021,644.9,107.3,6,144,0,Silver,East,2,364,0
CUST0022,661.91,82.87,8,276,0,Basic,East,0,891,0
CUST0023,127.08,101.72,2,38,0,Basic,South,1,427,0
CUST0024,685.17,80.58,8,204,0,Basic,North,1,1005,1
CUST0025,552.3,55.55,10,307,0,Basic,North,0,21,1
CUST0026,806.73,84.69,10,131,0,Silver,South,0,407,1
CUST0027,271.66,30.52,6,301,0,Basic,East,4,619,0
CUST0028,1105.35,150.67,8,245,0,Silver,West,0,1015,1
CUST0029,1181.89,121.57,10,8,0,Silver,South,0,336,0
CUST0030,496.96,59.25,7,213,0,Basic,West,0,1141,1
CUST0031,675.92,92.95,7,318,0,Silver,East,2,1148,0
CUST0032,1021.42,64.08,16,27,0,Basic,North,2,399,0
CUST0033,1205.72,118.56,10,156,0,Basic,East,0,793,1
CUST0034,850.38,104.5,8,19,0,Gold,South,1,715,0
CUST0035,1735.87,142.86,13,139,0,Gold,North,1,51,1
CUST0036,555.78,97.29,6,367,0,Silver,South,0,1807,1
CUST0037,834.02,100.67,7,197,0,Basic,South,2,324,0
CUST0038,953.45,77.4,13,31,0,Basic,East,1,789,0
CUST0039,478.94,56.04,9,41,1,Silver,South,0,141,0
CUST0040,841.33,73.72,12,134,0,Basic,East,1,470,1
CUST0041,382.91,55.7,7,200,0,Basic,North,1,787,0
CUST0042,937.22,81.99,12,214,0,Basic,East,0,1358,1
CUST0043,1429.19,115.85,12,216,0,Basic,North,1,964,0
CUST0044,1560.01,96.51,16,348,0,Gold,East,2,1008,0
CUST0045,661.83,59.99,10,245,0,Basic,West,1,373,1
CUST0046,519.2,86.18,7,331,0,Silver,West,2,1588,0
CUST0047,606.91,70.46,9,343,0,Basic,South,2,494,1
CUST0048,1166.97,118.5,10,261,1,Silver,East,1,1563,0
CUST0049,801.74,95.66,8,116,0,Silver,East,0,1693,0
CUST0050,478.91,90.4,6,170,0,Basic,North,1,751,1
CUST0051,1689.88,124.36,13,118,0,Gold,South,0,1180,0
CUST0052,1363.89,105.75,12,165,0,Silver,East,0,291,1
CUST0053,2153.12,159.44,14,252,0,Gold,South,1,1672,1
CUST0054,934.27,121.69,8,267,0,Gold,West,1,1168,0
CUST0055,794.18,119.53,7,44,0,Silver,East,1,106,0
CUST0056,1764.99,141.31,11,181,0,Gold,East,1,1444,0
CUST0057,1133.11,106.14,11,97,0,Basic,South,4,670,1
CUST0058,958.82,74.96,11,136,1,Basic,East,1,1682,1
CUST0059,614.92,89.53,8,87,0,Basic,South,2,2,0
CUST0060,868.65,78.98,12,33,0,Basic,East,1,589,0
CUST0061,721.02,77.59,10,112,0,Basic,North,2,644,0
CUST0062,364.71,86.47,5,266,0,Basic,South,0,90,0
CUST0063,659.09,113.42,6,267,0,Silver,East,2,1369,1
CUST0064,333.38,48.76,8,159,0,Basic,West,1,350,1
CUST0065,745.34,115.84,7,361,0,Basic,East,2,1483,0
CUST0066,467.24,53.51,7,244,0,Silver,West,0,1287,1
CUST0067,412.3,62.88,5,361,0,Basic,West,1,1375,1
CUST0068,954.73,97.64,9,273,1,Silver,North,3,1132,0
CUST0069,1035.32,90.31,11,324,0,Basic,South,2,1610,1
CUST0070,2160.27,179.4,12,191,0,Gold,East,0,1063,1
CUST0071,495.66,53.54,10,97,0,Silver,North,0,909,1
CUST0072,327.59,67.31,6,351,0,Basic,East,1,159,1
CUST0073,243.67,26.83,8,225,0,Basic,West,0,1607,1
CUST0074,813.22,100.79,9,137,0,Silver,South,1,959,1
CUST0075,1415.58,106.79,14,77,0,Silver,East,2,312,0
CUST0076,2328.55,139.77,16,37,0,Silver,East,1,1265,0
CUST0077,461.1,103.02,3,286,0,Silver,West,1,445,0
CUST0078,986.37,106.1,9,323,0,Basic,East,0,298,0
CUST0079,656.09,94.6,6,155,0,Basic,East,2,952,0
CUST0080,809.76,69.12,12,162,1,Basic,West,2,36,0
CUST0081,940.75,104.78,10,254,0,Gold,North,1,1108,0
CUST0082,583.35,106.88,5,48,0,Silver,West,0,1476,0
CUST0083,686.0,42.7,15,275,0,Basic,North,0,1799,1
CUST0084,680.01,112.38,6,154,1,Basic,South,1,1409,0
CUST0085,1043.89,75.95,14,310,0,Basic,North,1,1196,1
CUST0086,296.74,109.88,2,228,0,Basic,North,0,1400,1
CUST0087,625.1,87.99,8,101,0,Silver,South,0,1709,0
CUST0088,578.43,106.72,6,46,0,Silver,North,2,1386,0
CUST0089,2388.32,145.23,17,70,0,Gold,West,1,559,0
CUST0090,558.92,78.87,7,156,1,Basic,North,1,891,1
CUST0091,743.17,69.18,12,300,0,Basic,South,1,141,1
CUST0092,1812.05,109.81,17,67,0,Silver,West,1,887,0
CUST0093,558.31,76.85,8,4,1,Silver,South,2,1142,0
CUST0094,886.08,69.76,13,224,0,Silver,South,0,1301,0
CUST0095,1453.86,131.07,12,1,0,Silver,East,0,726,0
CUST0096,596.05,98.18,6,310,1,Basic,East,1,1244,0
CUST0097,1014.61,101.65,9,109,0,Silver,South,0,1050,0
CUST0098,1227.12,121.63,10,285,0,Basic,South,0,521,1
CUST0099,709.75,73.31,8,83,0,Basic,South,1,1807,0
CUST0100,1237.4,113.07,10,286,0,Basic,East,1,10,0
CUST0101,737.33,84.39,8,158,0,Basic,East,0,984,0
CUST0102,601.02,74.38,8,44,0,Silver,North,0,378,0
CUST0103,1390.01,126.2,11,282,0,Basic,North,0,1657,0
CUST0104,1433.55,124.77,11,216,0,Silver,South,1,1661,0
CUST0105,1475.39,136.97,11,121,0,Gold,West,1,682,0
CUST0106,634.83,98.18,8,172,0,Basic,West,2,584,1
CUST0107,668.53,69.91,9,233,0,Basic,East,1,152,0
CUST0108,633.89,120.73,6,234,1,Silver,East,1,720,0
CUST0109,226.37,20.22,15,371,0,Basic,East,0,1073,0
CUST0110,708.58,54.5,13,131,0,Basic,South,3,1178,0
CUST0111,723.76,104.48,7,381,0,Basic,West,0,859,0
CUST0112,477.1,73.76,8,340,0,Basic,North,1,1317,0
CUST0113,1029.56,145.19,7,222,0,Gold,South,0,1604,0
CUST0114,806.93,66.33,11,226,1,Silver,North,1,50,0
CUST0115,1810.29,146.2,13,210,0,Silver,North,2,664,0
CUST0116,2648.25,169.76,15,71,0,Gold,South,0,531,0
CUST0117,350.1,94.98,5,360,0,Silver,North,1,1636,1
CUST0118,518.8,69.88,5,109,0,Basic,West,1,1084,0
CUST0119,1624.5,165.74,10,262,0,Gold,North,0,1191,0
CUST0120,1208.14,149.56,8,366,0,Silver,West,1,1226,1
CUST0121,1334.77,123.84,12,188,0,Silver,West,1,857,1
CUST0122,2132.27,194.3,11,112,0,Gold,West,1,146,1
CUST0123,302.98,56.94,5,259,0,Basic,East,0,915,0
CUST0124,588.26,59.52,10,276,0,Basic,North,0,1700,0
CUST0125,507.99,50.28,11,170,0,Basic,South,1,993,0
CUST0126,561.58,91.04,7,147,0,Basic,South,1,1463,0
CUST0127,1134.34,104.39,10,319,0,Silver,North,2,242,0
CUST0128,1228.28,136.2,9,274,0,Gold,East,0,581,1
CUST0129,724.65,100.23,6,353,0,Basic,East,1,687,0
CUST0130,1789.2,130.81,14,139,0,Silver,West,0,1585,1
CUST0131,467.52,41.86,12,123,0,Basic,North,1,483,0
CUST0132,520.78,65.08,7,262,0,Basic,North,2,1132,0
CUST0133,975.7,100.5,11,137,0,Basic,South,1,1250,0
CUST0134,585.99,68.31,10,234,0,Basic,North,1,673,0
CUST0135,928.11,120.04,7,17,1,Gold,East,2,631,0
CUST0136,1277.27,105.46,13,199,1,Basic,North,1,661,0
CUST0137,599.86,67.76,11,224,0,Silver,South,0,662,1
CUST0138,796.71,92.46,7,270,0,Silver,West,1,1456,1
CUST0139,417.79,88.22,6,333,0,Basic,South,1,805,0
CUST0140,2527.82,125.65,20,349,0,Gold,South,1,1679,1
CUST0141,2558.79,159.58,16,134,0,Gold,West,1,419,0
CUST0142,498.71,65.78,11,134,1,Basic,South,1,988,1
CUST0143,1245.98,115.22,11,152,0,Basic,South,1,1479,1
CUST0144,650.72,76.86,8,159,0,Basic,North,0,1184,0
CUST0145,1092.94,96.78,11,385,0,Basic,North,0,1547,0
CUST0146,960.14,98.65,9,252,0,Basic,West,1,650,0
CUST0147,643.49,84.31,8,92,0,Silver,North,2,969,1
CUST0148,348.98,48.66,6,267,0,Silver,North,1,590,0
CUST0149,835.04,89.02,10,119,0,Basic,South,0,1101,1
CUST0150,378.01,81.81,6,227,0,Basic,East,1,509,1
CUST0151,1589.03,153.9,11,8,0,Gold,North,0,441,0
CUST0152,477.73,74.34,8,341,0,Basic,East,1,1278,1
CUST0153,1050.12,69.24,14,113,1,Basic,North,0,921,1
CUST0154,1441.38,130.21,12,178,0,Basic,North,3,770,0
CUST0155,1363.41,103.19,13,360,0,Gold,West,2,1344,0
CUST0156,667.17,98.35,7,119,0,Basic,West,2,263,0
CUST0157,1019.41,85.63,12,225,0,Silver,West,1,1621,1
CUST0158,750.33,91.61,7,340,0,Silver,East,1,1682,0
CUST0159,685.65,72.07,10,228,0,Basic,South,1,1578,0
CUST0160,848.07,79.91,10,73,0,Silver,North,1,1398,0
CUST0161,757.25,94.28,8,79,0,Basic,North,1,637,0
CUST0162,1065.97,134.77,8,287,0,Silver,North,3,1191,1
CUST0163,966.25,111.75,7,64,0,Silver,East,0,1777,0
CUST0164,910.54,102.58,10,256,1,Silver,West,1,459,1
CUST0165,490.5,55.34,7,68,0,Basic,South,0,999,0
CUST0166,1294.64,112.92,11,279,1,Silver,East,1,1304,0
CUST0167,1166.82,133.91,9,218,0,Basic,West,0,700,1
CUST0168,764.69,70.48,9,178,1,Basic,East,1,302,0
CUST0169,346.35,70.6,7,331,0,Basic,South,0,1555,0
CUST0170,1247.85,85.97,15,7,0,Silver,West,0,1604,0
CUST0171,605.44,87.76,8,248,0,Silver,East,3,1242,1
CUST0172,123.91,11.37,8,388,0,Basic,South,3,1126,0
CUST0173,902.09,110.13,9,232,0,Silver,North,0,554,0
CUST0174,740.98,58.86,12,126,0,Basic,South,1,288,0
CUST0175,522.78,59.74,9,98,0,Silver,North,0,1191,1
CUST0176,554.63,98.83,6,288,0,Basic,East,3,621,1
CUST0177,833.54,72.95,11,60,0,Silver,West,0,1006,0
CUST0178,765.38,71.53,11,328,0,Basic,West,0,36,0
CUST0179,1856.18,176.66,11,140,0,Gold,East,0,744,0
CUST0180,671.81,44.77,10,348,0,Basic,West,1,1765,0
CUST0181,336.19,41.69,9,210,1,Basic,West,0,353,0
CUST0182,776.65,86.73,11,145,0,Basic,North,1,1700,0
CUST0183,1620.0,168.74,10,163,0,Gold,East,2,73,0
CUST0184,905.03,100.64,10,60,0,Gold,South,2,648,0
CUST0185,1509.17,90.19,16,51,0,Basic,North,1,1377,0
CUST0186,1629.08,114.52,14,333,0,Silver,East,2,1094,0
CUST0187,420.06,48.52,8,76,0,Silver,North,0,425,0
CUST0188,1289.99,119.96,11,243,1,Silver,South,1,999,1
CUST0189,1074.89,121.92,9,317,0,Silver,South,1,708,0
CUST0190,403.56,72.21,6,278,0,Basic,East,1,1805,1
CUST0191,772.67,111.31,7,210,0,Basic,South,0,561,0
CUST0192,1582.53,168.41,9,315,0,Gold,North,0,828,0
CUST0193,882.35,142.58,6,296,0,Gold,South,2,1666,0
CUST0194,927.15,88.71,10,177,0,Silver,North,1,956,0
CUST0195,541.08,55.68,9,308,0,Basic,North,0,517,0
CUST0196,703.24,79.06,8,314,0,Basic,South,1,428,0
CUST0197,1279.74,114.24,11,348,0,Silver,East,0,1563,1
CUST0198,1083.87,131.9,8,207,0,Gold,West,0,160,0
CUST0199,1200.92,85.06,13,215,0,Gold,South,0,149,0
CUST0200,1395.69,131.72,11,344,0,Silver,North,0,776,0
CUST0201,1502.87,104.76,15,141,0,Silver,North,5,1254,1
CUST0202,539.71,70.51,9,105,0,Basic,South,0,1736,1
CUST0203,826.06,101.43,8,202,0,Basic,East,1,1586,1
CUST0204,2879.67,178.12,17,332,0,Gold,East,0,67,1
CUST0205,276.59,29.95,8,128,0,Silver,North,0,1014,0
CUST0206,627.26,90.86,7,289,0,Basic,North,1,381,0
CUST0207,356.77,44.33,6,59,0,Basic,East,0,58,0
CUST0208,958.55,112.48,9,23,0,Silver,West,1,1283,0
CUST0209,1148.51,83.2,14,262,0,Basic,South,2,342,0
CUST0210,281.56,95.89,2,386,0,Basic,North,0,1154,0
CUST0211,898.32,87.52,9,107,0,Silver,North,1,727,0
CUST0212,477.28,53.17,10,348,0,Silver,East,2,1196,0
CUST0213,103.28,88.74,1,142,0,Silver,South,1,770,1
CUST0214,744.92,90.17,8,165,0,Basic,East,0,614,0
CUST0215,907.59,125.38,7,280,0,Silver,South,1,1233,0
CUST0216,536.74,50.7,11,265,0,Basic,South,0,354,0
CUST0217,1264.95,105.68,11,211,0,Basic,South,0,1495,0
CUST0218,519.25,83.8,8,290,0,Silver,North,0,1822,0
CUST0219,947.86,109.06,9,179,0,Silver,West,0,116,0
CUST0220,733.86,87.25,8,112,0,Silver,East,0,1288,1
CUST0221,1395.78,104.55,13,214,0,Silver,West,1,662,0
CUST0222,964.3,122.3,7,138,0,Silver,East,2,1466,0
CUST0223,638.43,49.32,11,220,1,Basic,South,0,1572,0
CUST0224,544.18,63.0,9,27,0,Basic,North,0,453,1
CUST0225,780.98,84.62,8,366,1,Basic,West,2,1501,1
CUST0226,1483.31,140.04,11,33,0,Basic,North,0,287,0
CUST0227,1377.09,118.42,11,80,0,Gold,East,3,1327,0
CUST0228,1192.87,131.0,8,306,0,Basic,North,0,1017,1
CUST0229,2758.74,190.11,14,159,0,Gold,North,2,311,0
CUST0230,886.57,97.57,9,272,0,Silver,West,1,208,0
CUST0231,991.47,92.55,11,201,0,Silver,South,1,618,0
CUST0232,539.3,82.7,8,150,0,Silver,North,0,446,0
CUST0233,1007.79,98.29,10,296,0,Silver,South,1,670,1
CUST0234,448.77,44.83,12,313,0,Basic,East,1,633,0
CUST0235,561.3,78.09,8,354,0,Basic,North,1,55,0
CUST0236,1141.54,137.42,9,272,0,Silver,West,0,912,1
CUST0237,480.95,64.72,8,63,0,Basic,East,3,1036,0
CUST0238,367.67,73.98,5,339,0,Basic,East,0,657,1
CUST0239,424.19,57.47,7,15,0,Silver,West,3,1424,0
CUST0240,756.12,89.35,9,268,1,Basic,North,0,1672,1
CUST0241,1405.05,146.61,9,172,0,Gold,North,2,980,0
CUST0242,1540.86,141.59,11,218,0,Gold,East,0,515,0
CUST0243,1417.35,134.58,11,137,0,Gold,North,0,1680,0
CUST0244,890.28,72.68,12,341,0,Basic,South,1,1566,0
CUST0245,1175.11,92.55,11,247,0,Basic,West,2,237,0
CUST0246,1976.73,139.28,14,44,0,Gold,South,0,1303,0
CUST0247,937.59,87.87,11,40,0,Basic,North,1,348,0
CUST0248,1767.67,145.37,13,119,0,Gold,East,0,627,0
CUST0249,1663.3,168.09,10,234,0,Gold,West,3,1128,0
CUST0250,1588.04,156.92,10,368,1,Gold,North,0,630,0
CUST0251,562.74,84.82,7,356,0,Basic,North,0,1541,0
CUST0252,1282.3,117.96,12,376,0,Basic,East,0,1272,0
CUST0253,1437.02,150.51,10,262,0,Gold,East,1,364,0
CUST0254,792.11,112.62,6,103,0,Basic,South,1,321,0
CUST0255,1256.8,95.17,12,51,0,Basic,West,0,1657,1
CUST0256,360.69,53.95,8,322,0,Silver,West,1,286,0
CUST0257,2988.38,172.62,17,274,0,Gold,East,0,149,0
CUST0258,1146.27,103.38,12,234,1,Silver,South,0,1108,0
CUST0259,1296.76,98.7,12,28,0,Silver,West,0,406,0
CUST0260,541.82,87.03,6,272,0,Basic,East,1,978,0
CUST0261,1537.98,91.38,16,324,0,Silver,North,2,456,0
CUST0262,2193.6,145.68,16,253,0,Gold,West,0,1767,0
CUST0263,641.04,65.2,9,259,0,Basic,South,1,800,0
CUST0264,1581.67,131.86,12,314,0,Silver,South,1,1185,1
CUST0265,1988.4,137.16,14,175,0,Gold,South,0,1013,0
CUST0266,887.11,90.44,9,194,0,Silver,North,3,784,1
CUST0267,1004.66,76.88,13,180,0,Silver,West,2,460,0
CUST0268,1125.85,106.72,11,295,0,Silver,West,1,1574,0
CUST0269,909.15,84.68,10,235,0,Basic,North,0,1524,0
CUST0270,174.61,89.71,2,223,0,Basic,West,3,738,1
CUST0271,673.36,74.32,10,250,0,Silver,North,0,509,0
CUST0272,346.18,59.97,7,362,0,Silver,North,0,1678,0
CUST0273,971.31,155.64,7,257,0,Gold,North,1,481,0
CUST0274,1907.45,177.12,11,75,0,Gold,South,1,1687,0
CUST0275,1128.99,74.34,14,344,0,Silver,West,0,114,0
CUST0276,852.64,139.74,6,202,0,Silver,North,0,749,0
CUST0277,600.21,107.1,6,142,0,Silver,West,1,1602,0
CUST0278,1062.62,99.82,10,206,0,Silver,South,1,361,0
CUST0279,653.89,90.06,8,199,0,Silver,North,1,341,0
CUST0280,530.72,65.39,8,171,0,Silver,East,0,770,1
CUST0281,2126.64,164.69,13,316,0,Gold,South,0,761,1
CUST0282,486.6,60.61,7,248,0,Basic,East,0,969,0
CUST0283,418.37,60.5,9,199,0,Basic,West,0,449,0
CUST0284,560.77,104.8,6,386,0,Basic,West,0,835,0
CUST0285,451.12,52.93,11,275,0,Silver,South,0,1204,1
CUST0286,398.33,41.91,10,82,0,Basic,West,0,1726,0
CUST0287,653.74,79.55,7,347,0,Basic,East,1,1431,0
CUST0288,1032.89,107.33,10,204,0,Silver,North,0,1690,1
CUST0289,511.86,92.12,6,387,0,Basic,North,1,1220,1
CUST0290,716.92,92.46,7,133,0,Silver,North,1,1490,0
CUST0291,658.52,143.26,4,92,0,Basic,South,1,311,0
CUST0292,735.94,74.3,10,98,0,Basic,West,1,262,0
CUST0293,1185.54,94.23,12,189,0,Silver,East,1,1443,0
CUST0294,754.9,60.08,14,376,0,Basic,West,0,406,0
CUST0295,1273.61,83.1,14,91,0,Basic,West,1,143,1
CUST0296,1671.76,115.37,13,263,0,Silver,West,1,342,0
CUST0297,1212.5,130.09,9,306,0,Silver,North,1,1340,0
CUST0298,260.93,42.77,10,66,0,Basic,East,0,1125,1
CUST0299,987.69,93.85,11,224,0,Silver,East,0,244,0
CUST0300,869.53,91.17,9,348,0,Basic,West,3,490,1
CUST0301,629.02,94.68,7,270,0,Basic,North,1,12,1
CUST0302,1203.58,100.16,11,76,0,Silver,North,0,1263,0
CUST0303,1523.34,113.56,13,74,0,Silver,East,1,561,0
CUST0304,821.02,79.78,11,142,0,Silver,North,0,42,1
CUST0305,1669.95,138.95,12,73,0,Silver,North,0,678,0
CUST0306,1576.65,164.82,10,102,0,Gold,North,2,594,0
CUST0307,516.41,66.38,8,94,0,Silver,South,1,1453,0
CUST0308,327.49,53.12,7,89,0,Basic,West,1,1182,0
CUST0309,463.12,73.83,5,65,0,Silver,East,0,1240,0
CUST0310,944.87,96.95,8,213,0,Basic,East,0,1694,0
CUST0311,364.32,47.88,10,82,0,Basic,South,1,1486,0
CUST0312,635.11,71.72,11,40,0,Basic,West,0,134,1
CUST0313,528.59,91.37,6,261,0,Basic,East,0,1091,0
CUST0314,1953.71,138.35,15,203,0,Gold,North,3,1031,0
CUST0315,1068.42,106.47,10,300,0,Silver,East,0,948,1
CUST0316,646.75,73.35,8,195,0,Silver,North,0,1550,1
CUST0317,783.63,94.87,7,82,0,Basic,South,0,73,0
CUST0318,598.14,64.67,9,127,0,Basic,North,0,399,1
CUST0319,990.93,71.88,14,145,0,Basic,East,1,1429,1
CUST0320,958.99,85.94,13,321,0,Basic,East,0,1699,0
CUST0321,925.29,102.58,9,267,0,Silver,East,0,578,0
CUST0322,810.5,100.6,8,202,0,Silver,South,1,859,0
CUST0323,700.99,81.23,8,162,0,Silver,South,1,130,1
CUST0324,813.46,72.51,12,364,0,Basic,West,0,931,0
CUST0325,1785.91,140.05,13,302,0,Gold,East,0,1490,0
CUST0326,537.99,65.62,10,112,0,Silver,North,0,1230,0
CUST0327,612.63,88.44,9,337,0,Silver,South,4,1812,0
CUST0328,898.55,109.69,9,32,0,Silver,East,0,1792,0
CUST0329,66.63,48.06,4,118,0,Basic,East,1,266,1
CUST0330,789.34,108.91,7,267,0,Basic,South,1,1561,1
CUST0331,1746.39,111.74,16,281,0,Basic,West,0,793,1
CUST0332,507.91,68.87,8,191,0,Silver,South,1,253,0
CUST0333,604.89,113.94,6,49,0,Basic,South,0,822,0
CUST0334,352.68,76.41,8,68,1,Basic,North,0,1313,0
CUST0335,663.44,90.46,6,270,0,Basic,North,0,164,0
CUST0336,798.57,67.58,13,246,1,Basic,West,2,95,0
CUST0337,2576.22,163.08,16,272,0,Gold,East,0,1806,0
CUST0338,544.52,110.15,6,153,0,Silver,South,1,833,0
CUST0339,793.51,59.65,12,348,0,Basic,West,0,1134,0
CUST0340,723.65,50.87,14,305,0,Basic,North,0,336,0
CUST0341,151.35,43.49,5,200,0,Basic,South,1,822,1
CUST0342,900.31,84.7,11,322,0,Basic,East,0,238,0
CUST0343,888.75,94.31,8,173,0,Basic,North,1,381,1
CUST0344,668.08,96.27,7,254,0,Basic,North,1,1460,1
CUST0345,601.87,77.05,8,43,0,Basic,North,0,899,0
CUST0346,635.44,71.08,10,94,0,Silver,West,0,483,1
CUST0347,594.97,82.95,9,245,0,Silver,East,0,902,1
CUST0348,1401.71,108.81,13,310,0,Basic,South,2,1049,1
CUST0349,840.65,67.88,12,180,0,Basic,West,0,1677,1
CUST0350,1020.24,103.59,9,285,0,Silver,West,0,1141,0
CUST0351,916.75,73.11,15,9,0,Silver,West,1,482,0
CUST0352,1542.55,148.41,11,185,0,Gold,North,0,1416,1
CUST0353,839.12,88.56,10,295,0,Silver,East,3,917,1
CUST0354,318.22,106.17,3,155,0,Basic,West,0,994,0
CUST0355,882.45,99.34,9,130,0,Basic,South,0,964,0
CUST0356,1129.16,87.61,13,69,0,Silver,East,2,537,0
CUST0357,877.82,76.83,11,156,0,Basic,South,0,1103,0
CUST0358,703.74,86.22,9,96,0,Silver,East,0,1604,0
CUST0359,1537.93,104.51,14,119,0,Gold,South,0,1197,0
CUST0360,1056.01,78.56,13,274,0,Silver,North,1,1036,0
CUST0361,654.06,84.96,8,378,0,Basic,West,0,1824,0
CUST0362,993.12,108.13,8,366,0,Silver,South,1,128,0
CUST0363,459.37,83.71,4,358,1,Basic,East,1,1632,1
CUST0364,906.74,92.46,9,177,0,Silver,West,2,92,0
CUST0365,1881.76,163.33,13,361,0,Gold,West,2,1677,0
CUST0366,860.61,81.59,9,257,1,Basic,East,2,543,1
CUST0367,1796.98,157.58,11,272,0,Gold,South,0,846,1
CUST0368,1308.38,95.66,12,277,1,Gold,North,0,1556,0
CUST0369,199.0,10.0,10,158,0,Basic,North,1,1682,1
CUST0370,997.21,87.09,10,382,0,Basic,South,1,989,1
CUST0371,425.34,44.38,8,152,0,Basic,West,0,447,1
CUST0372,556.03,74.69,6,64,0,Basic,West,0,390,0
CUST0373,884.01,72.45,10,143,0,Basic,West,1,672,1
CUST0374,1833.23,139.69,13,136,0,Silver,West,1,43,1
CUST0375,954.22,90.0,12,387,0,Basic,South,0,254,0
CUST0376,816.87,84.15,10,146,0,Basic,West,1,1154,1
CUST0377,1119.52,120.92,9,275,0,Silver,East,0,1084,1
CUST0378,719.69,89.21,8,84,0,Basic,West,1,663,0
CUST0379,785.86,88.56,10,296,1,Silver,North,2,467,1
CUST0380,937.38,106.79,10,252,0,Basic,West,1,287,1
CUST0381,254.24,52.26,6,71,0,Basic,South,3,1011,0
CUST0382,1253.51,108.08,11,137,0,Silver,North,0,1541,0
CUST0383,862.16,61.31,12,158,0,Silver,South,0,1491,1
CUST0384,2249.8,145.1,15,56,0,Gold,South,1,778,0
CUST0385,399.07,104.82,3,81,0,Silver,North,1,345,0
CUST0386,1128.83,141.91,8,232,0,Silver,South,0,642,1
CUST0387,351.14,40.88,12,346,0,Basic,South,0,382,0
CUST0388,873.27,64.98,14,148,0,Basic,West,0,1803,0
CUST0389,1305.54,120.57,11,126,0,Silver,East,0,690,1
CUST0390,1152.45,108.38,11,317,0,Silver,South,0,1277,1
CUST0391,1882.97,144.51,13,80,0,Gold,South,1,1080,0
CUST0392,540.18,56.1,9,377,0,Basic,South,0,1487,1
CUST0393,524.85,65.23,7,353,0,Basic,West,1,457,0
CUST0394,633.38,131.13,5,175,0,Silver,East,1,983,1
CUST0395,713.53,78.71,11,165,0,Basic,North,2,83,0
CUST0396,2202.13,149.38,15,126,1,Gold,West,1,1123,0
CUST0397,1237.58,137.12,9,182,0,Gold,West,1,149,0
CUST0398,400.36,50.42,6,239,0,Basic,East,0,1353,0
CUST0399,1188.03,123.35,10,278,0,Silver,East,2,1180,1
CUST0400,1054.23,112.58,9,83,1,Silver,West,0,190,0
CUST0401,1674.9,137.64,12,161,0,Basic,North,0,1518,1
CUST0402,1035.01,114.61,9,334,0,Gold,West,0,883,0
CUST0403,1521.21,120.56,12,95,0,Silver,East,0,263,1
CUST0404,888.09,67.21,14,365,0,Silver,North,0,1104,0
CUST0405,961.19,83.93,12,214,0,Basic,East,0,400,0
CUST0406,1478.76,164.41,9,110,0,Gold,North,0,764,0
CUST0407,230.75,28.2,10,72,0,Basic,South,1,609,1
CUST0408,564.78,74.88,7,123,0,Basic,East,0,1284,1
CUST0409,1453.98,125.92,12,101,0,Gold,East,0,1796,0
CUST0410,580.16,62.45,9,162,0,Basic,West,3,1639,1
CUST0411,619.4,89.63,7,221,0,Basic,East,1,1576,0
CUST0412,2201.42,168.02,13,319,0,Gold,East,0,785,1
CUST0413,1329.9,136.67,10,199,0,Gold,South,2,101,1
CUST0414,1129.38,105.14,11,284,0,Silver,East,2,1383,1
CUST0415,624.83,102.86,6,217,0,Silver,South,0,1404,1
CUST0416,736.57,80.05,9,66,1,Basic,South,0,820,1
CUST0417,263.5,52.77,5,48,0,Basic,South,1,1245,0
CUST0418,890.41,107.71,7,22,0,Basic,South,1,820,1
CUST0419,672.4,107.38,7,17,0,Silver,North,0,420,0
CUST0420,1093.58,109.87,10,315,0,Silver,West,0,124,1
CUST0421,672.48,79.84,10,77,1,Silver,North,0,422,0
CUST0422,826.44,88.52,9,165,0,Silver,East,1,1255,0
CUST0423,439.96,75.6,7,117,0,Basic,North,0,1714,0
CUST0424,602.44,41.65,15,125,1,Basic,North,0,1087,0
CUST0425,310.43,37.8,9,44,0,Basic,East,0,1509,0
CUST0426,702.32,84.98,8,200,0,Silver,East,0,1652,0
CUST0427,979.47,93.06,11,55,0,Basic,East,0,1727,0
CUST0428,1807.45,123.67,15,2,0,Gold,North,1,1598,0
CUST0429,714.7,54.53,11,309,1,Basic,North,0,768,1
CUST0430,738.36,59.63,12,352,0,Basic,East,1,483,0
CUST0431,572.66,68.62,9,362,1,Basic,West,0,519,0
CUST0432,800.32,91.15,9,138,1,Silver,West,1,155,1
CUST0433,1364.73,154.14,8,337,0,Silver,South,1,92,0
CUST0434,832.11,106.37,8,82,0,Basic,East,2,982,0
CUST0435,472.95,105.62,5,319,0,Basic,South,0,1550,0
CUST0436,1624.99,129.21,13,197,0,Silver,West,0,455,0
CUST0437,451.34,55.03,9,79,0,Basic,South,0,1765,0
CUST0438,855.17,69.44,13,265,0,Silver,East,2,598,0
CUST0439,837.9,72.33,13,333,0,Silver,East,1,1669,0
CUST0440,816.97,113.36,8,208,1,Basic,East,1,510,0
CUST0441,663.18,66.32,11,83,0,Basic,North,1,1207,0
CUST0442,1895.5,108.72,17,308,0,Gold,South,1,386,0
CUST0443,315.63,69.23,5,299,0,Basic,West,1,1598,0
CUST0444,797.81,74.03,11,50,0,Basic,West,0,1755,0
CUST0445,1168.71,106.71,10,171,0,Silver,West,2,405,1
CUST0446,2443.98,146.27,16,21,0,Gold,North,2,246,0
CUST0447,1170.38,119.3,10,299,0,Gold,North,1,742,0
CUST0448,1120.95,117.14,10,201,0,Silver,East,1,1615,0
CUST0449,250.95,64.02,5,155,0,Basic,West,0,661,1
CUST0450,892.45,76.09,11,292,0,Basic,North,3,650,0
CUST0451,1038.15,117.17,9,23,1,Silver,East,1,1495,0
CUST0452,724.67,83.95,9,87,0,Silver,West,1,1447,0
CUST0453,592.57,65.77,10,51,0,Basic,South,1,901,0
CUST0454,1641.14,154.79,11,121,0,Gold,East,1,65,0
CUST0455,494.06,58.56,8,89,0,Basic,North,3,1037,1
CUST0456,457.81,70.38,8,154,0,Basic,North,1,213,0
CUST0457,1018.53,93.89,10,335,1,Basic,East,2,242,1
CUST0458,614.05,131.35,5,166,0,Basic,East,0,493,0
CUST0459,939.38,95.14,10,353,0,Basic,North,1,1237,0
CUST0460,719.39,91.82,9,283,0,Basic,South,1,1717,0
CUST0461,558.63,93.27,6,313,0,Basic,West,1,338,0
CUST0462,851.78,73.17,12,86,0,Silver,South,1,173,0
CUST0463,1127.78,102.89,11,16,0,Silver,East,0,672,0
CUST0464,1507.32,99.26,14,216,0,Silver,South,0,164,0
CUST0465,1494.61,148.04,10,116,0,Gold,North,0,465,0
CUST0466,765.55,82.91,10,138,0,Basic,East,1,995,1
CUST0467,659.03,89.49,8,290,0,Basic,West,2,497,0
CUST0468,1369.74,132.21,10,343,0,Gold,North,3,700,0
CUST0469,1162.94,81.47,13,182,1,Basic,North,0,395,1
CUST0470,1662.12,109.3,15,188,0,Gold,West,0,703,0
CUST0471,631.12,72.0,8,124,0,Basic,West,1,308,0
CUST0472,2146.03,174.77,12,141,0,Gold,South,2,1792,1
CUST0473,553.38,87.97,5,187,0,Basic,East,1,183,1
CUST0474,1796.71,139.48,14,300,0,Gold,West,0,629,0
CUST0475,937.8,147.4,6,28,0,Silver,West,1,1818,1
CUST0476,1350.45,105.98,12,272,0,Gold,East,1,510,0
CUST0477,363.27,52.26,9,70,0,Basic,West,0,1732,0
CUST0478,2071.41,142.82,15,156,0,Silver,West,2,546,0
CUST0479,1202.28,141.15,9,324,0,Gold,South,0,1588,0
CUST0480,881.05,93.94,10,348,0,Silver,North,1,624,0
CUST0481,451.6,70.02,7,121,0,Silver,North,1,1788,0
CUST0482,1464.91,111.19,13,140,0,Silver,North,2,594,1
CUST0483,1005.37,93.61,10,36,0,Basic,North,1,744,1
CUST0484,594.97,72.64,7,309,0,Silver,West,1,1251,1
CUST0485,897.91,96.49,10,49,0,Silver,East,2,1769,0
CUST0486,1248.54,131.61,10,164,0,Gold,East,1,1757,0
CUST0487,882.86,86.4,9,82,0,Basic,South,1,1460,0
CUST0488,571.93,52.02,10,360,0,Basic,South,0,1446,0
CUST0489,1890.91,171.3,11,154,0,Gold,West,0,554,0
CUST0490,1503.93,162.9,9,312,0,Gold,East,0,21,0
CUST0491,564.98,70.92,8,366,1,Basic,East,0,554,0
CUST0492,893.27,94.59,9,150,0,Silver,North,0,397,0
CUST0493,585.83,76.59,8,93,1,Basic,West,0,625,1
CUST0494,687.47,60.54,11,89,0,Basic,West,1,105,0
CUST0495,361.56,68.91,7,197,0,Basic,North,0,192,0
CUST0496,530.92,73.24,8,374,0,Basic,West,0,17,1
CUST0497,1489.38,140.32,11,2,0,Silver,West,0,1144,1
CUST0498,695.71,103.67,7,329,0,Basic,South,0,393,0
CUST0499,1886.28,163.37,12,119,0,Gold,East,3,425,0
CUST0500,1897.54,149.25,13,7,0,Gold,West,0,129,0
CUST0501,383.31,72.07,7,255,0,Silver,South,0,1154,0
CUST0502,934.56,98.96,9,75,0,Silver,East,0,572,0
CUST0503,931.76,104.26,9,371,1,Basic,North,1,1584,0
CUST0504,686.1,68.54,12,195,0,Silver,South,1,29,0
CUST0505,976.44,115.91,9,187,0,Silver,South,0,1121,0
CUST0506,1821.78,138.07,13,23,0,Basic,East,3,1034,1
CUST0507,1455.47,166.55,9,184,0,Gold,North,3,242,0
CUST0508,891.7,135.35,7,335,0,Silver,South,1,232,0
CUST0509,1739.53,145.46,12,273,0,Gold,West,0,789,0
CUST0510,1021.07,124.2,8,368,0,Silver,West,2,1308,0
CUST0511,459.47,82.05,7,52,0,Silver,West,0,715,0
CUST0512,543.49,99.9,5,283,0,Basic,North,1,759,1
CUST0513,1968.65,156.36,13,368,0,Gold,South,1,802,1
CUST0514,1765.54,147.25,12,133,0,Gold,West,1,776,1
CUST0515,1239.07,112.9,11,245,0,Basic,North,1,726,1
CUST0516,689.67,66.53,11,330,1,Basic,West,1,200,1
CUST0517,897.31,75.32,13,81,0,Basic,East,0,945,0
CUST0518,1205.78,102.39,12,365,0,Silver,South,0,79,0
CUST0519,1729.66,114.26,14,16,0,Gold,South,0,956,0
CUST0520,833.47,85.67,11,249,0,Basic,North,0,856,0
CUST0521,705.65,57.03,10,195,0,Silver,North,0,1197,0
CUST0522,1147.13,106.17,11,271,0,Basic,South,4,467,0
CUST0523,1555.65,141.17,11,303,0,Gold,West,0,581,0
CUST0524,1043.77,86.98,13,48,0,Silver,West,0,1440,1
CUST0525,887.99,79.14,12,235,0,Silver,East,2,940,0
CUST0526,330.44,74.14,5,141,0,Basic,West,0,449,0
CUST0527,791.2,97.21,9,340,0,Basic,North,1,87,0
CUST0528,732.83,93.69,8,70,1,Basic,North,1,101,0
CUST0529,528.69,62.36,9,61,0,Basic,West,1,1032,0
CUST0530,1455.4,118.85,11,22,0,Gold,North,3,845,0
CUST0531,838.1,116.42,8,182,0,Silver,South,0,1224,0
CUST0532,1227.63,121.94,10,5,0,Gold,South,1,1529,0
CUST0533,1576.3,141.5,11,145,0,Gold,West,2,87,0
CUST0534,945.31,103.09,10,357,1,Silver,South,1,43,0
CUST0535,1564.17,107.8,14,78,1,Silver,South,2,1409,0
CUST0536,2067.07,161.46,13,231,0,Gold,East,0,1645,0
CUST0537,621.72,68.43,12,297,0,Silver,East,2,1459,0
CUST0538,213.89,32.22,5,368,0,Basic,South,3,408,0
CUST0539,502.97,65.81,9,229,1,Basic,West,0,1507,1
CUST0540,541.37,125.04,5,183,0,Basic,East,1,664,0
CUST0541,2151.13,190.55,11,168,0,Gold,North,0,1041,0
CUST0542,1721.58,145.78,12,278,0,Silver,North,0,1669,1
CUST0543,599.65,75.18,7,257,0,Basic,North,0,148,0
CUST0544,595.84,55.45,9,176,1,Silver,West,0,277,1
CUST0545,196.95,41.42,6,53,0,Silver,South,1,232,0
CUST0546,580.65,64.65,8,369,0,Basic,North,1,366,1
CUST0547,690.04,75.05,10,30,0,Basic,West,0,1252,0
CUST0548,1768.84,132.52,12,146,0,Silver,East,1,1675,0
CUST0549,1039.82,121.7,9,227,0,Silver,South,1,436,1
CUST0550,1244.62,105.69,11,236,0,Silver,East,1,399,0
CUST0551,689.53,77.75,8,242,0,Silver,West,4,1235,1
CUST0552,1764.99,115.98,15,305,0,Gold,North,1,1415,1
CUST0553,797.18,106.35,8,71,0,Silver,North,1,499,0
CUST0554,1279.58,117.43,11,158,0,Silver,West,2,540,0
CUST0555,1625.28,149.8,12,19,0,Gold,North,0,563,0
CUST0556,613.44,54.14,11,75,0,Basic,South,0,1515,1
CUST0557,1279.44,96.27,13,235,0,Basic,West,1,442,0
CUST0558,554.57,90.65,6,229,0,Basic,East,2,1285,0
CUST0559,348.0,73.23,8,21,0,Silver,West,1,773,0
CUST0560,541.88,80.39,8,282,1,Silver,South,3,350,0
CUST0561,995.06,117.21,9,249,0,Silver,South,1,1376,1
CUST0562,690.57,74.14,9,48,0,Basic,West,2,520,0
CUST0563,1340.16,119.73,11,316,0,Basic,West,1,1344,0
CUST0564,1189.25,92.53,13,231,0,Basic,North,2,138,0
CUST0565,322.16,67.83,4,305,0,Basic,South,1,1574,1
CUST0566,815.6,99.74,9,20,0,Silver,West,1,1647,0
CUST0567,701.5,81.58,8,40,0,Basic,West,1,992,0
CUST0568,655.88,61.79,10,350,0,Basic,South,1,368,1
CUST0569,1670.8,117.19,14,120,0,Gold,West,0,1244,0
CUST0570,765.71,97.53,8,117,0,Basic,North,1,1361,0
CUST0571,1842.31,121.13,14,120,1,Silver,South,4,1247,1
CUST0572,845.12,115.09,7,25,1,Silver,North,0,1672,0
CUST0573,1101.36,117.88,10,173,0,Basic,North,1,1792,0
CUST0574,884.42,86.46,10,245,0,Silver,North,1,360,1
CUST0575,2060.62,181.86,11,260,0,Gold,North,1,921,0
CUST0576,1480.15,117.48,13,4,0,Gold,South,1,329,0
CUST0577,579.29,54.68,9,163,0,Basic,North,0,962,1
CUST0578,1278.58,96.0,13,282,0,Gold,North,1,463,0
CUST0579,294.59,68.86,7,355,0,Basic,West,1,946,0
CUST0580,428.42,67.41,6,366,0,Basic,South,0,963,0
CUST0581,526.41,93.15,6,240,0,Basic,South,1,1585,0
CUST0582,1211.75,146.1,8,327,0,Gold,East,1,1406,0
CUST0583,426.77,50.18,7,180,0,Basic,South,1,836,0
CUST0584,366.52,70.18,5,96,0,Basic,South,0,1614,0
CUST0585,1403.21,90.71,14,99,0,Silver,East,1,1641,1
CUST0586,341.71,35.6,10,200,0,Basic,South,0,169,0
CUST0587,493.8,55.48,8,147,0,Basic,South,2,217,1
CUST0588,610.96,60.73,9,52,0,Basic,South,0,378,0
CUST0589,223.89,115.84,2,285,0,Basic,South,0,119,0
CUST0590,571.02,84.79,6,354,0,Basic,East,0,190,0
CUST0591,821.41,96.55,9,33,0,Basic,South,0,767,0
CUST0592,466.47,62.53,8,352,0,Silver,South,0,370,0
CUST0593,1103.41,109.86,11,359,0,Basic,East,2,1802,0
CUST0594,919.53,112.53,8,222,0,Basic,West,0,149,1
CUST0595,746.35,90.04,8,18,0,Gold,North,1,1700,0
CUST0596,530.91,62.37,7,113,0,Basic,West,2,652,1
CUST0597,1412.02,112.39,12,280,0,Silver,East,0,1512,0
CUST0598,842.2,96.11,9,378,0,Basic,North,2,770,0
CUST0599,410.05,63.04,8,336,0,Basic,East,1,374,1
CUST0600,613.53,72.36,8,80,0,Basic,East,0,781,0
CUST0601,349.12,65.07,4,234,0,Basic,South,2,1717,1
CUST0602,1136.3,82.76,13,120,0,Basic,North,1,160,0
CUST0603,1405.91,109.93,12,21,0,Basic,South,0,351,0
CUST0604,408.12,60.72,7,63,0,Basic,North,1,1312,0
CUST0605,1012.88,105.02,10,331,0,Basic,East,1,1312,0
CUST0606,787.46,60.46,14,188,0,Basic,East,2,892,1
CUST0607,407.19,58.81,7,212,0,Basic,West,0,1250,1
CUST0608,797.43,100.46,8,54,0,Basic,North,2,523,0
CUST0609,754.82,123.05,6,34,0,Silver,South,0,522,1
CUST0610,1445.08,121.29,12,176,0,Silver,West,0,783,0
CUST0611,319.05,47.11,7,216,0,Basic,West,0,273,1
CUST0612,909.73,88.35,11,158,0,Silver,West,0,936,0
CUST0613,1763.38,120.57,14,245,0,Silver,South,2,1426,0
CUST0614,735.47,81.04,9,386,0,Basic,West,0,183,0
CUST0615,1570.25,113.16,14,340,0,Gold,South,0,1689,0
CUST0616,1303.33,151.46,9,346,0,Gold,West,2,488,0
CUST0617,514.75,62.13,10,355,0,Basic,South,0,846,0
CUST0618,1103.54,124.86,8,91,0,Basic,East,1,124,1
CUST0619,1569.2,138.62,11,327,1,Silver,East,0,985,0
CUST0620,1021.11,115.1,10,114,0,Silver,East,1,1650,0
CUST0621,1315.33,114.03,11,305,0,Basic,East,0,790,0
CUST0622,237.04,81.62,2,163,0,Basic,East,0,414,0
CUST0623,803.04,99.14,8,117,1,Basic,West,0,1749,1
CUST0624,1063.39,116.94,8,329,1,Basic,West,0,1196,1
CUST0625,866.44,106.14,8,320,0,Silver,West,2,1312,1
CUST0626,181.14,73.62,4,232,0,Basic,South,0,1459,1
CUST0627,365.67,37.38,9,337,0,Basic,South,0,686,0
CUST0628,1096.73,97.92,11,185,0,Silver,South,1,113,0
CUST0629,756.42,100.59,8,225,0,Basic,South,1,888,1
CUST0630,978.65,103.64,9,384,0,Basic,East,4,122,1
CUST0631,1105.29,112.61,11,216,0,Silver,East,1,1568,1
CUST0632,1343.92,126.47,10,246,0,Gold,East,0,1246,0
CUST0633,334.39,50.58,8,239,0,Silver,North,0,1655,1
CUST0634,709.78,87.62,9,293,0,Silver,West,2,39,1
CUST0635,642.42,72.39,9,28,0,Basic,South,2,497,0
CUST0636,539.88,72.18,7,98,0,Basic,South,2,780,0
CUST0637,936.83,115.46,8,324,0,Silver,East,0,1257,0
CUST0638,1107.36,129.64,9,297,0,Basic,South,1,943,0
CUST0639,1372.01,83.09,17,222,0,Basic,South,0,1554,1
CUST0640,506.01,74.58,8,234,0,Basic,West,2,149,1
CUST0641,496.66,73.52,7,114,0,Basic,East,0,1421,1
CUST0642,833.99,83.11,9,95,0,Basic,West,1,1022,1
CUST0643,474.0,59.29,8,177,0,Basic,North,0,661,0
CUST0644,898.8,83.0,10,173,0,Basic,North,1,1662,0
CUST0645,1485.49,91.27,15,162,1,Basic,North,0,302,0
CUST0646,969.65,145.24,7,78,0,Gold,East,1,1384,0
CUST0647,988.02,111.44,9,322,0,Silver,South,3,238,0
CUST0648,727.91,110.84,5,182,0,Silver,East,1,647,0
CUST0649,561.17,55.7,8,195,0,Silver,East,1,663,0
CUST0650,633.58,95.92,8,178,1,Basic,South,0,236,0
CUST0651,599.99,63.22,9,166,0,Basic,West,1,1760,0
CUST0652,1089.11,72.6,15,54,0,Silver,North,0,203,0
CUST0653,500.45,72.39,6,356,0,Silver,West,0,256,1
CUST0654,827.11,110.84,8,277,0,Silver,North,1,598,1
CUST0655,677.19,74.44,10,329,0,Basic,East,0,662,1
CUST0656,325.42,37.95,10,103,0,Basic,North,0,235,1
CUST0657,230.1,91.95,3,176,0,Basic,East,1,1369,0
CUST0658,637.35,44.01,13,24,1,Basic,West,0,534,1
CUST0659,629.97,103.5,7,311,0,Silver,East,0,860,0
CUST0660,903.85,105.96,9,271,1,Silver,West,0,1821,1
CUST0661,1286.83,102.14,14,84,0,Basic,South,0,1805,0
CUST0662,2848.7,184.54,15,112,0,Gold,South,0,1490,1
CUST0663,826.4,65.88,11,239,1,Silver,South,1,770,0
CUST0664,524.65,78.69,7,164,1,Basic,East,1,541,1
CUST0665,707.08,73.09,10,40,0,Basic,South,1,213,0
CUST0666,1126.38,90.84,12,84,0,Basic,North,2,463,0
CUST0667,971.88,85.39,10,309,0,Basic,West,0,436,0
CUST0668,530.99,71.19,7,101,0,Basic,West,1,283,1
CUST0669,427.04,68.98,7,217,0,Basic,North,0,1586,1
CUST0670,495.56,52.09,12,89,0,Basic,East,0,1631,1
CUST0671,853.06,104.7,9,206,0,Basic,East,0,1487,0
CUST0672,1672.14,151.48,11,167,0,Gold,West,1,1431,1
CUST0673,668.18,102.94,7,225,0,Basic,South,0,88,0
CUST0674,569.04,92.24,6,164,0,Silver,East,1,1068,1
CUST0675,400.82,63.58,7,114,0,Basic,East,1,461,0
CUST0676,819.69,113.04,8,249,0,Gold,North,2,278,0
CUST0677,1062.49,88.97,13,88,0,Basic,North,0,1707,1
CUST0678,881.06,54.01,14,363,0,Basic,South,1,421,1
CUST0679,2305.72,186.22,12,21,0,Gold,East,1,1725,0
CUST0680,1318.84,107.31,11,319,0,Gold,East,0,1377,0
CUST0681,684.25,106.84,6,85,0,Silver,North,1,696,0
CUST0682,799.8,119.17,7,44,0,Basic,East,0,515,0
CUST0683,770.71,94.98,7,131,0,Basic,West,2,703,0
CUST0684,936.88,104.39,9,351,0,Silver,North,1,1654,0
CUST0685,1522.91,115.79,13,83,0,Gold,South,2,19,0
CUST0686,520.22,65.46,8,358,1,Silver,North,0,23,0
CUST0687,837.51,119.25,9,78,0,Silver,East,1,413,0
CUST0688,1069.61,117.65,8,160,0,Basic,South,0,1054,0
CUST0689,1107.63,89.03,12,271,0,Silver,North,1,108,0
CUST0690,438.57,51.52,8,359,0,Basic,West,1,1391,0
CUST0691,143.42,18.55,8,189,0,Basic,West,1,1305,1
CUST0692,456.92,55.48,8,217,0,Basic,North,1,1152,1
CUST0693,632.33,97.16,7,262,1,Silver,West,2,1253,1
CUST0694,889.17,119.98,7,235,0,Basic,West,0,1135,0
CUST0695,670.06,96.83,8,87,0,Basic,West,2,136,0
CUST0696,875.9,107.63,8,229,0,Silver,South,1,362,0
CUST0697,534.9,70.0,7,181,0,Basic,West,0,1210,1
CUST0698,582.05,85.42,7,122,0,Silver,West,0,1680,0
CUST0699,1871.93,115.14,16,169,0,Basic,West,0,1608,0
CUST0700,515.82,85.02,7,360,0,Basic,South,1,129,1
CUST0701,397.08,47.43,10,193,0,Silver,North,4,1285,0
CUST0702,587.39,63.16,9,251,0,Basic,East,1,515,1
CUST0703,639.73,58.54,10,131,0,Basic,West,0,449,0
CUST0704,513.44,66.34,10,165,0,Basic,North,1,1128,1
CUST0705,794.34,94.07,8,241,0,Basic,West,3,1507,0
CUST0706,1878.94,137.31,14,64,1,Gold,South,1,1248,0
CUST0707,843.44,78.08,11,146,0,Basic,North,1,874,0
CUST0708,1752.55,132.84,14,218,0,Silver,South,1,1515,1
CUST0709,182.22,62.59,4,304,0,Basic,West,0,473,0
CUST0710,1250.13,146.6,8,354,0,Silver,West,1,1034,0
CUST0711,1084.45,83.22,13,236,0,Silver,South,1,1429,1
CUST0712,889.45,102.23,9,13,0,Silver,East,0,302,0
CUST0713,793.35,72.97,11,173,0,Basic,South,1,231,1
CUST0714,869.99,83.09,10,259,0,Basic,West,0,1755,1
CUST0715,1128.62,91.11,12,210,0,Basic,South,1,923,0
CUST0716,1804.15,150.85,12,151,0,Gold,East,0,1090,0
CUST0717,1142.67,81.17,13,86,0,Silver,South,0,937,0
CUST0718,1532.69,111.93,13,21,0,Gold,East,0,112,0
CUST0719,2742.08,142.58,19,202,0,Basic,East,1,1037,0
CUST0720,1059.17,87.9,12,319,0,Silver,South,1,1417,1
CUST0721,1627.39,157.48,10,158,0,Gold,South,0,500,1
CUST0722,582.47,39.81,14,387,0,Basic,North,0,932,1
CUST0723,376.9,73.01,4,96,0,Basic,West,2,598,0
CUST0724,652.89,96.82,6,329,0,Silver,East,1,234,1
CUST0725,589.46,111.82,6,203,0,Silver,North,0,602,0
CUST0726,360.26,31.94,14,229,1,Silver,South,0,314,0
CUST0727,869.59,84.15,11,172,0,Basic,West,0,566,0
CUST0728,576.89,71.26,7,263,0,Silver,North,0,1036,0
CUST0729,1107.42,88.11,14,92,0,Basic,East,0,209,0
CUST0730,356.13,54.09,6,245,0,Basic,North,0,1038,0
CUST0731,497.91,58.61,8,151,0,Basic,East,0,1657,1
CUST0732,838.29,93.16,8,360,0,Silver,South,0,1442,1
CUST0733,677.65,73.69,9,28,0,Silver,West,0,1461,0
CUST0734,773.66,88.11,10,299,0,Silver,West,1,1401,1
CUST0735,424.91,50.17,10,117,0,Basic,West,1,1044,0
CUST0736,1600.51,94.17,18,46,0,Gold,South,0,587,0
CUST0737,906.0,105.45,9,21,0,Basic,East,0,1779,0
CUST0738,864.15,67.6,13,166,0,Silver,South,0,1759,0
CUST0739,1039.76,75.53,15,265,0,Basic,West,1,1015,1
CUST0740,1303.52,98.82,12,239,0,Basic,South,0,1094,0
CUST0741,734.12,64.63,13,122,0,Basic,South,0,1235,0
CUST0742,523.28,59.37,7,311,0,Basic,South,1,1125,0
CUST0743,940.06,105.66,8,204,0,Silver,East,1,698,0
CUST0744,1223.4,127.95,9,202,0,Silver,North,2,132,1
CUST0745,299.87,50.77,7,74,0,Basic,North,2,1647,0
CUST0746,1526.11,136.25,11,280,0,Gold,South,0,1405,1
CUST0747,338.06,36.69,12,298,1,Basic,North,2,1156,1
CUST0748,1154.91,90.17,12,16,0,Silver,North,1,1044,0
CUST0749,1261.78,140.86,9,13,0,Gold,South,0,536,0
CUST0750,753.6,78.63,10,356,0,Silver,South,1,1014,1
CUST0751,725.0,68.58,12,376,0,Basic,West,3,227,0
CUST0752,1268.92,104.79,14,318,0,Gold,North,0,1178,0
CUST0753,630.41,101.93,7,87,0,Silver,East,0,1766,0
CUST0754,620.99,106.39,5,98,0,Basic,South,1,1493,1
CUST0755,598.63,52.57,12,87,0,Basic,West,0,822,0
CUST0756,746.35,84.43,9,347,0,Silver,East,2,871,0
CUST0757,1403.21,112.56,12,211,0,Silver,North,1,405,0
CUST0758,1577.78,130.3,11,214,0,Silver,West,1,202,0
CUST0759,1132.7,102.67,10,185,0,Gold,South,2,38,0
CUST0760,880.02,95.78,10,33,0,Silver,East,1,942,0
CUST0761,976.61,87.08,13,135,0,Basic,South,0,1796,0
CUST0762,421.11,77.45,3,295,0,Basic,North,0,188,1
CUST0763,308.08,18.08,7,218,0,Basic,East,0,1081,0
CUST0764,1140.35,112.53,10,143,0,Silver,North,2,941,0
CUST0765,724.24,117.98,7,248,0,Basic,North,1,1044,1
CUST0766,1209.14,102.92,11,120,0,Silver,West,2,273,1
CUST0767,807.81,74.22,11,353,0,Silver,South,2,1143,0
CUST0768,1389.85,127.17,11,24,0,Gold,East,2,583,0
CUST0769,692.8,124.25,5,47,0,Basic,North,2,516,1
CUST0770,763.24,122.75,6,75,0,Silver,North,0,1245,0
CUST0771,769.14,96.0,9,261,0,Basic,East,0,526,0
CUST0772,1063.12,108.91,10,23,0,Silver,North,2,1539,0
CUST0773,624.14,63.47,9,181,0,Basic,West,3,1752,1
CUST0774,565.72,74.99,7,61,0,Basic,West,1,1765,0
CUST0775,1295.64,98.05,13,238,1,Silver,West,1,336,0
CUST0776,1105.81,93.74,11,259,0,Basic,West,1,698,1
CUST0777,1030.57,117.72,9,76,0,Basic,North,1,1079,0
CUST0778,1549.8,127.96,12,98,0,Silver,East,0,500,1
CUST0779,310.59,64.52,9,146,0,Silver,East,0,900,1
CUST0780,386.43,105.6,4,262,0,Silver,East,0,766,0
CUST0781,1245.3,118.42,10,40,0,Silver,East,0,536,0
CUST0782,1123.48,115.47,10,193,0,Silver,South,2,162,0
CUST0783,798.2,64.27,13,259,0,Basic,East,1,1694,0
CUST0784,1598.06,152.85,11,62,0,Basic,South,0,594,0
CUST0785,272.56,48.07,4,242,0,Basic,South,1,159,0
CUST0786,1737.68,112.92,15,196,0,Gold,West,1,1212,0
CUST0787,1547.79,105.84,14,288,0,Silver,South,3,60,0
CUST0788,1722.78,132.92,14,30,0,Basic,North,1,915,1
CUST0789,519.02,59.1,9,255,0,Basic,South,1,1343,1
CUST0790,1844.55,133.35,14,325,0,Gold,West,1,211,0
CUST0791,833.01,106.93,8,285,0,Basic,South,1,406,0
CUST0792,747.15,99.55,8,69,0,Silver,North,0,664,0
CUST0793,705.39,91.63,8,139,0,Silver,North,1,1133,1
CUST0794,1209.38,114.14,10,355,0,Silver,North,0,1100,1
CUST0795,541.48,86.81,8,239,1,Basic,West,0,542,1
CUST0796,1634.03,165.76,9,196,0,Gold,West,0,1338,0
CUST0797,1417.0,172.29,8,74,0,Gold,East,3,998,0
CUST0798,750.34,107.68,7,103,0,Silver,West,1,1141,1
CUST0799,1360.07,107.29,12,225,0,Silver,North,1,927,1
CUST0800,610.62,145.35,5,123,0,Gold,North,1,868,1
CUST0801,844.65,112.23,8,102,1,Silver,West,0,1728,0
CUST0802,722.73,81.38,9,284,1,Basic,South,0,19,0
CUST0803,1409.05,99.98,13,161,0,Silver,West,1,432,0
CUST0804,905.69,129.92,7,233,0,Silver,West,0,1709,0
CUST0805,1568.74,117.9,13,295,1,Basic,North,0,740,1
CUST0806,638.26,62.31,11,258,0,Silver,East,1,1374,1
CUST0807,1441.45,140.25,10,311,0,Gold,North,0,183,1
CUST0808,1607.57,122.78,12,139,0,Gold,East,0,113,0
CUST0809,368.54,72.23,4,247,0,Basic,North,2,1207,1
CUST0810,713.99,90.06,8,293,0,Basic,West,1,481,1
CUST0811,2248.34,156.74,14,317,0,Gold,North,3,1170,0
CUST0812,532.19,97.2,5,86,0,Silver,North,0,831,1
CUST0813,458.69,32.17,13,311,0,Basic,North,0,1652,0
CUST0814,1942.94,115.87,16,217,0,Gold,West,0,1137,0
CUST0815,1874.9,162.41,11,359,0,Gold,West,0,763,0
CUST0816,336.21,31.49,11,66,0,Silver,West,0,476,0
CUST0817,1607.58,129.69,12,257,0,Silver,West,2,763,0
CUST0818,527.54,93.03,6,155,0,Basic,East,1,1327,0
CUST0819,490.68,112.9,5,75,0,Basic,East,0,971,0
CUST0820,878.87,75.04,12,376,0,Basic,South,0,1020,0
CUST0821,139.29,48.46,3,243,0,Silver,West,1,1142,0
CUST0822,956.18,90.76,12,272,0,Basic,East,2,161,0
CUST0823,851.89,111.87,7,41,0,Basic,North,0,401,0
CUST0824,1016.03,103.12,12,327,0,Basic,West,2,198,1
CUST0825,801.21,83.43,7,163,0,Silver,South,0,1284,0
CUST0826,2110.52,142.17,14,356,0,Gold,South,1,660,0
CUST0827,512.55,66.68,8,284,0,Basic,South,3,1776,1
CUST0828,357.86,59.52,6,88,0,Basic,North,1,1071,1
CUST0829,891.43,123.88,7,107,0,Silver,East,0,399,1
CUST0830,503.55,50.06,11,87,0,Basic,North,0,1734,0
CUST0831,764.92,57.65,13,219,0,Basic,West,2,1583,1
CUST0832,512.47,52.4,10,212,0,Basic,South,1,78,0
CUST0833,206.18,42.74,5,22,0,Basic,North,0,124,0
CUST0834,851.12,83.66,10,277,0,Basic,North,0,75,1
CUST0835,1094.33,109.04,11,21,0,Basic,East,1,137,0
CUST0836,606.19,75.38,8,378,0,Basic,East,1,602,1
CUST0837,729.57,102.36,7,115,0,Gold,South,0,1424,0
CUST0838,1121.29,101.0,11,108,0,Basic,North,1,837,0
CUST0839,1688.44,142.14,12,197,0,Silver,North,2,1529,1
CUST0840,677.94,83.84,7,92,0,Silver,East,1,500,0
CUST0841,516.0,68.04,8,294,0,Basic,North,0,1597,1
CUST0842,1147.1,112.89,10,344,0,Silver,North,1,138,1
CUST0843,1550.35,120.55,12,180,1,Basic,North,0,50,0
CUST0844,1390.7,127.0,11,173,0,Gold,East,1,1795,0
CUST0845,624.11,46.69,13,53,1,Basic,South,0,973,0
CUST0846,1429.07,95.79,15,93,0,Basic,West,3,1643,1
CUST0847,898.8,99.98,8,216,0,Basic,South,1,1649,1
CUST0848,1661.22,140.15,12,284,0,Gold,West,2,254,0
CUST0849,1135.23,86.05,12,87,0,Silver,North,1,1654,1
CUST0850,990.59,124.86,8,309,0,Silver,South,0,710,0
CUST0851,1236.06,93.2,14,244,0,Basic,West,0,563,1
CUST0852,1023.82,80.79,12,44,1,Silver,East,0,757,0
CUST0853,950.35,81.23,12,356,0,Basic,East,0,1450,0
CUST0854,1217.92,106.21,11,138,0,Gold,South,0,547,0
CUST0855,73.09,97.15,3,290,0,Basic,South,2,1326,1
CUST0856,367.64,73.44,5,379,1,Basic,North,1,922,0
CUST0857,377.87,69.11,6,56,0,Basic,South,0,581,0
CUST0858,310.83,79.18,5,54,0,Basic,North,1,1373,1
CUST0859,1066.83,101.01,11,88,0,Silver,North,1,49,0
CUST0860,1182.58,102.37,12,166,0,Basic,East,0,917,0
CUST0861,1143.93,114.78,10,16,1,Silver,East,3,1098,0
CUST0862,727.6,76.09,11,253,0,Basic,West,2,704,0
CUST0863,1335.31,119.09,11,41,0,Silver,East,2,261,0
CUST0864,1009.48,90.02,10,275,0,Basic,East,1,356,0
CUST0865,854.49,69.34,12,301,0,Basic,South,1,1606,1
CUST0866,1227.3,96.88,12,126,0,Silver,East,0,1626,0
CUST0867,1079.39,76.29,13,28,0,Basic,West,1,1284,0
CUST0868,932.6,92.63,9,388,0,Basic,South,2,638,1
CUST0869,2373.63,130.82,17,350,0,Gold,West,1,743,0
CUST0870,2434.62,130.24,19,340,0,Gold,East,1,1319,0
CUST0871,1234.71,129.22,10,344,0,Basic,West,2,1010,0
CUST0872,373.16,103.49,3,196,1,Basic,South,0,931,1
CUST0873,461.59,80.98,5,228,1,Silver,North,1,641,0
CUST0874,1099.06,94.27,11,343,0,Basic,West,1,792,0
CUST0875,731.85,82.96,7,387,0,Basic,West,0,1337,1
CUST0876,898.8,89.79,10,38,0,Basic,South,1,612,1
CUST0877,1068.43,103.43,10,56,0,Silver,South,1,809,0
CUST0878,570.27,129.74,5,35,0,Silver,West,3,1206,1
CUST0879,1234.51,88.64,12,138,0,Basic,East,1,686,0
CUST0880,600.66,78.45,8,302,0,Basic,West,2,1388,0
CUST0881,929.84,106.05,9,274,0,Basic,South,0,188,0
CUST0882,818.92,105.83,8,213,0,Silver,North,0,1593,0
CUST0883,944.85,83.04,12,81,0,Basic,North,0,1567,0
CUST0884,380.9,87.85,5,108,0,Basic,East,0,1620,1
CUST0885,739.38,97.66,8,271,0,Silver,West,1,1688,1
CUST0886,612.81,80.23,9,367,0,Basic,North,1,985,1
CUST0887,619.84,85.33,8,32,0,Silver,West,3,548,0
CUST0888,890.57,61.22,12,153,0,Basic,South,0,725,1
CUST0889,444.1,55.04,7,84,0,Basic,North,2,926,1
CUST0890,616.48,45.2,12,219,0,Basic,East,0,1432,0
CUST0891,1030.26,78.01,12,256,0,Silver,South,0,876,0
CUST0892,2045.74,135.64,14,342,0,Gold,East,0,618,0
CUST0893,576.33,102.58,7,155,1,Silver,South,0,414,0
CUST0894,633.79,73.22,10,251,0,Basic,North,2,1366,0
CUST0895,264.56,41.11,8,301,0,Silver,East,4,1244,0
CUST0896,797.97,119.36,7,55,0,Basic,East,2,903,0
CUST0897,1154.74,107.16,11,46,0,Basic,South,2,163,0
CUST0898,1173.39,151.14,8,23,0,Gold,East,0,1244,0
CUST0899,911.36,127.69,7,161,0,Basic,South,1,270,0
CUST0900,614.05,55.57,11,305,0,Basic,South,0,632,0
CUST0901,323.75,127.19,3,340,0,Basic,South,0,906,1
CUST0902,272.91,55.87,8,176,0,Basic,South,1,1424,0
CUST0903,866.22,85.97,11,133,1,Basic,North,0,1206,0
CUST0904,637.6,68.15,10,139,0,Silver,South,1,1642,0
CUST0905,1105.38,80.37,14,229,0,Basic,West,0,1753,0
CUST0906,1705.48,149.65,12,323,0,Gold,East,1,205,0
CUST0907,825.93,96.13,9,364,0,Silver,West,1,582,1
CUST0908,1475.07,97.85,16,106,0,Basic,North,0,1580,1
CUST0909,567.26,82.48,7,305,0,Basic,West,1,841,0
CUST0910,315.79,66.94,6,80,0,Basic,East,0,1252,0
CUST0911,962.04,85.83,12,54,0,Silver,West,2,1720,0
CUST0912,496.94,100.27,6,113,0,Basic,North,0,1643,0
CUST0913,740.63,83.66,9,325,0,Silver,South,1,596,1
CUST0914,445.11,102.89,5,285,1,Basic,West,0,250,1
CUST0915,1117.09,130.57,8,213,0,Silver,North,4,875,1
CUST0916,530.14,38.28,13,353,0,Basic,North,1,1465,0
CUST0917,1294.29,108.32,12,30,0,Basic,East,2,1557,0
CUST0918,2042.82,191.51,11,358,0,Gold,East,0,196,1
CUST0919,1093.44,106.3,10,203,0,Silver,West,1,690,0
CUST0920,1194.98,94.98,12,216,0,Basic,South,4,1543,1
CUST0921,2500.29,165.93,15,58,0,Gold,North,0,1094,0
CUST0922,1005.65,73.11,12,276,1,Basic,West,1,639,1
CUST0923,1193.23,144.56,8,223,0,Gold,North,0,1423,0
CUST0924,1214.55,67.15,17,369,0,Silver,North,0,672,0
CUST0925,678.41,83.47,8,200,0,Basic,South,0,1784,0
CUST0926,1163.49,92.45,12,382,0,Basic,South,0,1227,0
CUST0927,586.59,92.9,7,55,0,Basic,West,0,1172,0
CUST0928,1482.96,126.64,12,359,0,Silver,South,2,1496,0
CUST0929,914.88,80.63,11,103,0,Silver,South,0,1679,0
CUST0930,627.53,66.68,9,181,0,Basic,West,1,944,0
CUST0931,1314.49,127.39,10,220,0,Basic,South,1,199,0
CUST0932,1146.69,96.24,11,160,0,Silver,East,1,1450,1
CUST0933,1481.01,145.0,11,183,0,Gold,North,1,1690,0
CUST0934,610.32,98.32,7,353,0,Silver,North,0,492,1
CUST0935,434.57,59.46,7,156,0,Basic,North,0,896,0
CUST0936,786.17,120.59,7,246,0,Basic,North,0,142,1
CUST0937,537.45,66.81,4,263,0,Basic,West,1,1337,0
CUST0938,1383.07,111.82,12,106,0,Gold,North,1,165,1
CUST0939,543.59,68.73,8,91,1,Basic,North,1,314,1
CUST0940,408.38,49.96,9,77,0,Silver,North,2,21,0
CUST0941,598.77,63.72,10,74,0,Basic,North,0,1106,0
CUST0942,381.4,75.8,5,277,0,Silver,East,1,1605,1
CUST0943,1394.19,115.44,12,111,0,Silver,North,0,1155,0
CUST0944,1210.93,83.16,15,224,0,Silver,East,2,1623,1
CUST0945,1000.1,102.2,10,95,0,Basic,West,0,1754,0
CUST0946,1257.16,114.96,10,34,0,Basic,South,0,984,1
CUST0947,1106.05,99.53,10,278,0,Basic,North,2,305,0
CUST0948,2039.39,134.62,15,189,0,Gold,South,0,371,0
CUST0949,897.39,143.53,7,364,0,Gold,South,0,853,0
CUST0950,1094.96,61.88,17,239,0,Silver,West,0,384,0
CUST0951,607.62,96.66,5,334,0,Silver,South,2,445,0
CUST0952,815.98,78.49,9,304,0,Silver,East,0,425,0
CUST0953,642.9,97.36,6,111,0,Basic,South,1,161,1
CUST0954,2565.62,204.32,12,184,0,Gold,South,3,1202,0
CUST0955,1114.22,92.5,12,37,0,Basic,South,0,629,0
CUST0956,352.46,30.22,10,32,0,Basic,North,1,1732,1
CUST0957,673.29,90.97,8,166,0,Silver,North,0,895,0
CUST0958,854.0,83.06,10,166,1,Basic,East,3,490,0
CUST0959,846.02,82.18,9,302,0,Basic,East,2,1017,0
CUST0960,1097.06,81.73,14,37,1,Silver,North,1,327,1
CUST0961,1223.07,86.13,15,90,0,Basic,East,0,598,0
CUST0962,490.36,68.94,7,169,0,Silver,North,0,1015,0
CUST0963,489.26,56.38,9,355,0,Basic,West,2,289,1
CUST0964,821.09,96.14,8,190,0,Basic,South,0,593,0
CUST0965,619.04,54.61,12,273,0,Basic,South,0,1688,0
CUST0966,1072.03,93.46,10,366,0,Basic,East,0,1597,0
CUST0967,291.41,65.76,6,297,0,Silver,North,1,573,0
CUST0968,720.9,124.12,5,162,0,Basic,North,0,1378,1
CUST0969,825.89,80.64,11,273,0,Silver,East,2,28,0
CUST0970,674.81,74.41,11,245,0,Basic,North,0,954,0
CUST0971,668.62,108.27,6,183,0,Silver,West,0,43,0
CUST0972,2371.09,125.87,19,221,0,Gold,South,1,1705,0
CUST0973,532.74,103.59,6,53,0,Silver,East,0,423,0
CUST0974,526.18,94.38,7,138,0,Basic,East,2,1622,1
CUST0975,1039.48,104.02,10,385,0,Basic,North,0,177,0
CUST0976,776.58,99.79,7,179,0,Basic,East,1,529,1
CUST0977,1195.25,95.7,12,136,0,Silver,West,3,1634,1
CUST0978,538.88,76.33,7,97,0,Basic,North,0,966,1
CUST0979,1148.13,138.73,8,356,0,Basic,North,0,1518,0
CUST0980,1730.28,123.75,14,45,0,Silver,North,3,198,0
CUST0981,20.0,56.95,2,38,0,Basic,North,2,610,0
CUST0982,1218.82,102.5,13,355,0,Silver,West,1,1601,1
CUST0983,413.48,71.62,6,225,0,Basic,North,0,842,0
CUST0984,140.38,76.62,2,344,0,Basic,East,1,853,1
CUST0985,760.7,69.26,10,83,0,Silver,West,0,1541,0
CUST0986,827.31,69.7,11,70,0,Basic,South,3,1538,0
CUST0987,1356.01,145.29,9,281,0,Silver,South,1,22,1
CUST0988,544.44,94.48,6,186,0,Basic,East,1,1136,0
CUST0989,49.04,17.72,9,263,0,Basic,East,2,1081,1
CUST0990,1337.15,130.42,10,164,0,Silver,West,2,1090,0
CUST0991,1314.42,127.24,10,324,0,Silver,South,0,842,0
CUST0992,628.08,91.02,9,56,0,Silver,South,0,98,0
CUST0993,1108.43,97.93,12,59,0,Basic,South,0,1168,1
CUST0994,494.32,78.52,7,319,0,Silver,South,2,435,0
CUST0995,964.88,68.24,14,148,0,Basic,South,1,637,1
CUST0996,757.98,117.46,7,142,0,Basic,North,0,1703,0
CUST0997,1329.02,133.21,10,247,0,Gold,East,0,1110,0
CUST0998,282.47,33.26,9,206,0,Basic,North,0,588,0
CUST0999,2340.36,138.42,17,208,0,Gold,South,1,344,0
CUST1000,98.76,78.04,2,335,0,Basic,West,1,1318,0
